timestamp,price
2025-07-03 02:31:00,108606.10000000
2025-07-03 02:32:00,108604.52000000
2025-07-03 02:33:00,108572.11000000
2025-07-03 02:34:00,108595.45000000
2025-07-03 02:35:00,108608.81000000
2025-07-03 02:36:00,108626.01000000
2025-07-03 02:37:00,108612.69000000
2025-07-03 02:38:00,108616.22000000
2025-07-03 02:39:00,108591.99000000
2025-07-03 02:40:00,108564.40000000
2025-07-03 02:41:00,108557.41000000
2025-07-03 02:42:00,108557.42000000
2025-07-03 02:43:00,108565.45000000
2025-07-03 02:44:00,108561.17000000
2025-07-03 02:45:00,108561.17000000
2025-07-03 02:46:00,108572.92000000
2025-07-03 02:47:00,108566.01000000
2025-07-03 02:48:00,108606.71000000
2025-07-03 02:49:00,108618.90000000
2025-07-03 02:50:00,108640.00000000
2025-07-03 02:51:00,108651.19000000
2025-07-03 02:52:00,108611.54000000
2025-07-03 02:53:00,108627.94000000
2025-07-03 02:54:00,108632.02000000
2025-07-03 02:55:00,108632.03000000
2025-07-03 02:56:00,108686.00000000
2025-07-03 02:57:00,108699.99000000
2025-07-03 02:58:00,108736.66000000
2025-07-03 02:59:00,108721.52000000
2025-07-03 03:00:00,108710.00000000
2025-07-03 03:01:00,108716.10000000
2025-07-03 03:02:00,108716.10000000
2025-07-03 03:03:00,108716.10000000
2025-07-03 03:04:00,108712.00000000
2025-07-03 03:05:00,108755.99000000
2025-07-03 03:06:00,108720.89000000
2025-07-03 03:07:00,108728.01000000
2025-07-03 03:08:00,108716.22000000
2025-07-03 03:09:00,108720.00000000
2025-07-03 03:10:00,108708.28000000
2025-07-03 03:11:00,108660.00000000
2025-07-03 03:12:00,108669.50000000
2025-07-03 03:13:00,108664.00000000
2025-07-03 03:14:00,108664.01000000
2025-07-03 03:15:00,108653.85000000
2025-07-03 03:16:00,108665.06000000
2025-07-03 03:17:00,108639.99000000
2025-07-03 03:18:00,108640.00000000
2025-07-03 03:19:00,108668.77000000
2025-07-03 03:20:00,108668.78000000
2025-07-03 03:21:00,108623.65000000
2025-07-03 03:22:00,108653.37000000
2025-07-03 03:23:00,108706.50000000
2025-07-03 03:24:00,108764.11000000
2025-07-03 03:25:00,108753.13000000
2025-07-03 03:26:00,108770.49000000
2025-07-03 03:27:00,108749.90000000
2025-07-03 03:28:00,108741.03000000
2025-07-03 03:29:00,108741.02000000
2025-07-03 03:30:00,108718.36000000
2025-07-03 03:31:00,108718.35000000
2025-07-03 03:32:00,108718.35000000
2025-07-03 03:33:00,108787.99000000
2025-07-03 03:34:00,108773.81000000
2025-07-03 03:35:00,108732.71000000
2025-07-03 03:36:00,108738.00000000
2025-07-03 03:37:00,108763.89000000
2025-07-03 03:38:00,108745.00000000
2025-07-03 03:39:00,108740.01000000
2025-07-03 03:40:00,108796.01000000
2025-07-03 03:41:00,108806.23000000
2025-07-03 03:42:00,108809.74000000
2025-07-03 03:43:00,108786.80000000
2025-07-03 03:44:00,108789.99000000
2025-07-03 03:45:00,108762.41000000
2025-07-03 03:46:00,108762.41000000
2025-07-03 03:47:00,108749.69000000
2025-07-03 03:48:00,108732.02000000
2025-07-03 03:49:00,108700.36000000
2025-07-03 03:50:00,108675.98000000
2025-07-03 03:51:00,108696.16000000
2025-07-03 03:52:00,108703.14000000
2025-07-03 03:53:00,108703.14000000
2025-07-03 03:54:00,108696.61000000
2025-07-03 03:55:00,108685.32000000
2025-07-03 03:56:00,108685.01000000
2025-07-03 03:57:00,108637.19000000
2025-07-03 03:58:00,108622.04000000
2025-07-03 03:59:00,108628.21000000
2025-07-03 04:00:00,108669.61000000
2025-07-03 04:01:00,108670.94000000
2025-07-03 04:02:00,108569.24000000
2025-07-03 04:03:00,108566.14000000
2025-07-03 04:04:00,108577.21000000
2025-07-03 04:05:00,108598.16000000
2025-07-03 04:06:00,108692.00000000
2025-07-03 04:07:00,108760.53000000
2025-07-03 04:08:00,108733.81000000
2025-07-03 04:09:00,108772.03000000
2025-07-03 04:10:00,108769.27000000
2025-07-03 04:11:00,108764.27000000
2025-07-03 04:12:00,108780.76000000
2025-07-03 04:13:00,108788.00000000
2025-07-03 04:14:00,108816.17000000
2025-07-03 04:15:00,108816.17000000
2025-07-03 04:16:00,108816.18000000
2025-07-03 04:17:00,108832.33000000
2025-07-03 04:18:00,108851.41000000
2025-07-03 04:19:00,108918.00000000
2025-07-03 04:20:00,108904.79000000
2025-07-03 04:21:00,108911.82000000
2025-07-03 04:22:00,108956.33000000
2025-07-03 04:23:00,108945.92000000
2025-07-03 04:24:00,108945.92000000
2025-07-03 04:25:00,108953.99000000
2025-07-03 04:26:00,108978.42000000
2025-07-03 04:27:00,108967.48000000
2025-07-03 04:28:00,108950.42000000
2025-07-03 04:29:00,108950.42000000
2025-07-03 04:30:00,108953.35000000
2025-07-03 04:31:00,108959.10000000
2025-07-03 04:32:00,108950.42000000
2025-07-03 04:33:00,108935.97000000
2025-07-03 04:34:00,108935.89000000
2025-07-03 04:35:00,108922.01000000
2025-07-03 04:36:00,108953.00000000
2025-07-03 04:37:00,108961.99000000
2025-07-03 04:38:00,108951.10000000
2025-07-03 04:39:00,108940.73000000
2025-07-03 04:40:00,108922.01000000
2025-07-03 04:41:00,108907.69000000
2025-07-03 04:42:00,108895.11000000
2025-07-03 04:43:00,108883.65000000
2025-07-03 04:44:00,108883.65000000
2025-07-03 04:45:00,108906.84000000
2025-07-03 04:46:00,108879.14000000
2025-07-03 04:47:00,108879.13000000
2025-07-03 04:48:00,108892.39000000
2025-07-03 04:49:00,108855.69000000
2025-07-03 04:50:00,108849.47000000
2025-07-03 04:51:00,108875.70000000
2025-07-03 04:52:00,108858.95000000
2025-07-03 04:53:00,108820.01000000
2025-07-03 04:54:00,108777.64000000
2025-07-03 04:55:00,108810.69000000
2025-07-03 04:56:00,108772.67000000
2025-07-03 04:57:00,108796.00000000
2025-07-03 04:58:00,108783.60000000
2025-07-03 04:59:00,108790.00000000
2025-07-03 05:00:00,108804.02000000
2025-07-03 05:01:00,108799.38000000
2025-07-03 05:02:00,108806.44000000
2025-07-03 05:03:00,108801.68000000
2025-07-03 05:04:00,108849.41000000
2025-07-03 05:05:00,108863.09000000
2025-07-03 05:06:00,108894.20000000
2025-07-03 05:07:00,108902.68000000
2025-07-03 05:08:00,108960.86000000
2025-07-03 05:09:00,109144.65000000
2025-07-03 05:10:00,109123.01000000
2025-07-03 05:11:00,109109.40000000
2025-07-03 05:12:00,109084.54000000
2025-07-03 05:13:00,109109.63000000
2025-07-03 05:14:00,109076.93000000
2025-07-03 05:15:00,109113.68000000
2025-07-03 05:16:00,109129.53000000
2025-07-03 05:17:00,109163.73000000
2025-07-03 05:18:00,109113.68000000
2025-07-03 05:19:00,109108.01000000
2025-07-03 05:20:00,109078.37000000
2025-07-03 05:21:00,109104.17000000
2025-07-03 05:22:00,109102.91000000
2025-07-03 05:23:00,109102.96000000
2025-07-03 05:24:00,109102.96000000
2025-07-03 05:25:00,109077.01000000
2025-07-03 05:26:00,109096.01000000
2025-07-03 05:27:00,109114.39000000
2025-07-03 05:28:00,109115.51000000
2025-07-03 05:29:00,109114.00000000
2025-07-03 05:30:00,109139.03000000
2025-07-03 05:31:00,109129.20000000
2025-07-03 05:32:00,109156.24000000
2025-07-03 05:33:00,109182.01000000
2025-07-03 05:34:00,109235.10000000
2025-07-03 05:35:00,109252.26000000
2025-07-03 05:36:00,109212.68000000
2025-07-03 05:37:00,109212.69000000
2025-07-03 05:38:00,109256.23000000
2025-07-03 05:39:00,109256.22000000
2025-07-03 05:40:00,109275.00000000
2025-07-03 05:41:00,109284.50000000
2025-07-03 05:42:00,109260.00000000
2025-07-03 05:43:00,109237.07000000
2025-07-03 05:44:00,109244.19000000
2025-07-03 05:45:00,109236.01000000
2025-07-03 05:46:00,109228.94000000
2025-07-03 05:47:00,109240.51000000
2025-07-03 05:48:00,109268.98000000
2025-07-03 05:49:00,109338.63000000
2025-07-03 05:50:00,109326.19000000
2025-07-03 05:51:00,109341.19000000
2025-07-03 05:52:00,109341.18000000
2025-07-03 05:53:00,109345.00000000
2025-07-03 05:54:00,109381.12000000
2025-07-03 05:55:00,109381.12000000
2025-07-03 05:56:00,109365.99000000
2025-07-03 05:57:00,109357.08000000
2025-07-03 05:58:00,109346.19000000
2025-07-03 05:59:00,109340.37000000
2025-07-03 06:00:00,109324.29000000
2025-07-03 06:01:00,109321.99000000
2025-07-03 06:02:00,109312.28000000
2025-07-03 06:03:00,109301.02000000
2025-07-03 06:04:00,109298.88000000
2025-07-03 06:05:00,109304.01000000
2025-07-03 06:06:00,109327.10000000
2025-07-03 06:07:00,109415.38000000
2025-07-03 06:08:00,109314.06000000
2025-07-03 06:09:00,109300.01000000
2025-07-03 06:10:00,109300.00000000
2025-07-03 06:11:00,109300.00000000
2025-07-03 06:12:00,109253.60000000
2025-07-03 06:13:00,109275.14000000
2025-07-03 06:14:00,109265.99000000
2025-07-03 06:15:00,109287.73000000
2025-07-03 06:16:00,109304.00000000
2025-07-03 06:17:00,109284.27000000
2025-07-03 06:18:00,109289.34000000
2025-07-03 06:19:00,109300.00000000
2025-07-03 06:20:00,109366.29000000
2025-07-03 06:21:00,109426.33000000
2025-07-03 06:22:00,109441.99000000
2025-07-03 06:23:00,109426.11000000
2025-07-03 06:24:00,109412.24000000
2025-07-03 06:25:00,109402.51000000
2025-07-03 06:26:00,109373.08000000
2025-07-03 06:27:00,109390.21000000
2025-07-03 06:28:00,109411.33000000
2025-07-03 06:29:00,109450.00000000
2025-07-03 06:30:00,109415.85000000
2025-07-03 06:31:00,109409.07000000
2025-07-03 06:32:00,109415.85000000
2025-07-03 06:33:00,109425.29000000
2025-07-03 06:34:00,109420.53000000
2025-07-03 06:35:00,109349.01000000
2025-07-03 06:36:00,109351.58000000
2025-07-03 06:37:00,109351.59000000
2025-07-03 06:38:00,109362.07000000
2025-07-03 06:39:00,109372.00000000
2025-07-03 06:40:00,109370.91000000
2025-07-03 06:41:00,109373.07000000
2025-07-03 06:42:00,109413.87000000
2025-07-03 06:43:00,109421.83000000
2025-07-03 06:44:00,109449.98000000
2025-07-03 06:45:00,109449.97000000
2025-07-03 06:46:00,109450.00000000
2025-07-03 06:47:00,109480.00000000
2025-07-03 06:48:00,109515.02000000
2025-07-03 06:49:00,109507.11000000
2025-07-03 06:50:00,109528.75000000
2025-07-03 06:51:00,109540.41000000
2025-07-03 06:52:00,109504.92000000
2025-07-03 06:53:00,109504.91000000
2025-07-03 06:54:00,109528.22000000
2025-07-03 06:55:00,109507.33000000
2025-07-03 06:56:00,109468.00000000
2025-07-03 06:57:00,109478.95000000
2025-07-03 06:58:00,109478.95000000
2025-07-03 06:59:00,109478.94000000
2025-07-03 07:00:00,109418.50000000
2025-07-03 07:01:00,109400.01000000
2025-07-03 07:02:00,109373.08000000
2025-07-03 07:03:00,109364.91000000
2025-07-03 07:04:00,109367.67000000
2025-07-03 07:05:00,109367.67000000
2025-07-03 07:06:00,109330.76000000
2025-07-03 07:07:00,109306.95000000
2025-07-03 07:08:00,109288.47000000
2025-07-03 07:09:00,109301.96000000
2025-07-03 07:10:00,109276.17000000
2025-07-03 07:11:00,109285.71000000
2025-07-03 07:12:00,109213.29000000
2025-07-03 07:13:00,109213.29000000
2025-07-03 07:14:00,109213.28000000
2025-07-03 07:15:00,109186.42000000
2025-07-03 07:16:00,109195.44000000
2025-07-03 07:17:00,109201.03000000
2025-07-03 07:18:00,109161.54000000
2025-07-03 07:19:00,109164.82000000
2025-07-03 07:20:00,109196.55000000
2025-07-03 07:21:00,109201.96000000
2025-07-03 07:22:00,109206.00000000
2025-07-03 07:23:00,109200.01000000
2025-07-03 07:24:00,109179.50000000
2025-07-03 07:25:00,109186.74000000
2025-07-03 07:26:00,109246.16000000
2025-07-03 07:27:00,109246.16000000
2025-07-03 07:28:00,109254.17000000
2025-07-03 07:29:00,109238.13000000
2025-07-03 07:30:00,109233.56000000
2025-07-03 07:31:00,109236.88000000
2025-07-03 07:32:00,109236.88000000
2025-07-03 07:33:00,109256.54000000
2025-07-03 07:34:00,109323.84000000
2025-07-03 07:35:00,109324.42000000
2025-07-03 07:36:00,109324.43000000
2025-07-03 07:37:00,109344.15000000
2025-07-03 07:38:00,109424.58000000
2025-07-03 07:39:00,109422.93000000
2025-07-03 07:40:00,109373.07000000
2025-07-03 07:41:00,109347.55000000
2025-07-03 07:42:00,109314.01000000
2025-07-03 07:43:00,109309.32000000
2025-07-03 07:44:00,109309.33000000
2025-07-03 07:45:00,109309.32000000
2025-07-03 07:46:00,109323.76000000
2025-07-03 07:47:00,109331.79000000
2025-07-03 07:48:00,109299.59000000
2025-07-03 07:49:00,109299.60000000
2025-07-03 07:50:00,109300.00000000
2025-07-03 07:51:00,109325.00000000
2025-07-03 07:52:00,109320.89000000
2025-07-03 07:53:00,109316.00000000
2025-07-03 07:54:00,109313.25000000
2025-07-03 07:55:00,109310.79000000
2025-07-03 07:56:00,109293.93000000
2025-07-03 07:57:00,109280.00000000
2025-07-03 07:58:00,109279.99000000
2025-07-03 07:59:00,109280.00000000
2025-07-03 08:00:00,109364.40000000
2025-07-03 08:01:00,109320.37000000
2025-07-03 08:02:00,109330.76000000
2025-07-03 08:03:00,109376.25000000
2025-07-03 08:04:00,109385.06000000
2025-07-03 08:05:00,109399.99000000
2025-07-03 08:06:00,109409.69000000
2025-07-03 08:07:00,109460.51000000
2025-07-03 08:08:00,109370.34000000
2025-07-03 08:09:00,109410.00000000
2025-07-03 08:10:00,109406.56000000
2025-07-03 08:11:00,109406.56000000
2025-07-03 08:12:00,109406.56000000
2025-07-03 08:13:00,109406.56000000
2025-07-03 08:14:00,109393.88000000
2025-07-03 08:15:00,109393.88000000
2025-07-03 08:16:00,109447.61000000
2025-07-03 08:17:00,109481.49000000
2025-07-03 08:18:00,109481.49000000
2025-07-03 08:19:00,109462.00000000
2025-07-03 08:20:00,109473.88000000
2025-07-03 08:21:00,109489.11000000
2025-07-03 08:22:00,109499.40000000
2025-07-03 08:23:00,109500.01000000
2025-07-03 08:24:00,109515.00000000
2025-07-03 08:25:00,109536.11000000
2025-07-03 08:26:00,109536.10000000
2025-07-03 08:27:00,109503.52000000
2025-07-03 08:28:00,109539.99000000
2025-07-03 08:29:00,109547.17000000
2025-07-03 08:30:00,109510.01000000
2025-07-03 08:31:00,109514.99000000
2025-07-03 08:32:00,109537.01000000
2025-07-03 08:33:00,109539.97000000
2025-07-03 08:34:00,109539.98000000
2025-07-03 08:35:00,109500.02000000
2025-07-03 08:36:00,109494.37000000
2025-07-03 08:37:00,109523.31000000
2025-07-03 08:38:00,109520.82000000
2025-07-03 08:39:00,109520.83000000
2025-07-03 08:40:00,109472.00000000
2025-07-03 08:41:00,109472.01000000
2025-07-03 08:42:00,109486.00000000
2025-07-03 08:43:00,109499.00000000
2025-07-03 08:44:00,109533.95000000
2025-07-03 08:45:00,109512.01000000
2025-07-03 08:46:00,109444.94000000
2025-07-03 08:47:00,109446.43000000
2025-07-03 08:48:00,109441.34000000
2025-07-03 08:49:00,109444.60000000
2025-07-03 08:50:00,109444.60000000
2025-07-03 08:51:00,109420.84000000
2025-07-03 08:52:00,109420.83000000
2025-07-03 08:53:00,109420.84000000
2025-07-03 08:54:00,109428.81000000
2025-07-03 08:55:00,109438.23000000
2025-07-03 08:56:00,109438.22000000
2025-07-03 08:57:00,109420.83000000
2025-07-03 08:58:00,109383.73000000
2025-07-03 08:59:00,109377.57000000
2025-07-03 09:00:00,109400.00000000
2025-07-03 09:01:00,109400.00000000
2025-07-03 09:02:00,109400.00000000
2025-07-03 09:03:00,109386.15000000
2025-07-03 09:04:00,109400.00000000
2025-07-03 09:05:00,109468.62000000
2025-07-03 09:06:00,109526.59000000
2025-07-03 09:07:00,109515.88000000
2025-07-03 09:08:00,109506.04000000
2025-07-03 09:09:00,109537.08000000
2025-07-03 09:10:00,109574.89000000
2025-07-03 09:11:00,109622.91000000
2025-07-03 09:12:00,109608.00000000
2025-07-03 09:13:00,109646.44000000
2025-07-03 09:14:00,109632.12000000
2025-07-03 09:15:00,109659.99000000
2025-07-03 09:16:00,109651.60000000
2025-07-03 09:17:00,109670.01000000
2025-07-03 09:18:00,109699.99000000
2025-07-03 09:19:00,109836.00000000
2025-07-03 09:20:00,109824.47000000
2025-07-03 09:21:00,109790.00000000
2025-07-03 09:22:00,109836.72000000
2025-07-03 09:23:00,109963.27000000
2025-07-03 09:24:00,109940.83000000
2025-07-03 09:25:00,109917.81000000
2025-07-03 09:26:00,109925.59000000
2025-07-03 09:27:00,109977.00000000
2025-07-03 09:28:00,109980.00000000
2025-07-03 09:29:00,109969.99000000
2025-07-03 09:30:00,109961.00000000
2025-07-03 09:31:00,109939.90000000
2025-07-03 09:32:00,109917.01000000
2025-07-03 09:33:00,109987.22000000
2025-07-03 09:34:00,109921.46000000
2025-07-03 09:35:00,109832.49000000
2025-07-03 09:36:00,109833.53000000
2025-07-03 09:37:00,109921.78000000
2025-07-03 09:38:00,109966.00000000
2025-07-03 09:39:00,109941.79000000
2025-07-03 09:40:00,109942.04000000
2025-07-03 09:41:00,110047.68000000
2025-07-03 09:42:00,110195.53000000
2025-07-03 09:43:00,110220.00000000
2025-07-03 09:44:00,110260.86000000
2025-07-03 09:45:00,110218.92000000
2025-07-03 09:46:00,110184.29000000
2025-07-03 09:47:00,110121.89000000
2025-07-03 09:48:00,109980.51000000
2025-07-03 09:49:00,109967.60000000
2025-07-03 09:50:00,109936.18000000
2025-07-03 09:51:00,109972.36000000
2025-07-03 09:52:00,109971.01000000
2025-07-03 09:53:00,109965.39000000
2025-07-03 09:54:00,109953.64000000
2025-07-03 09:55:00,109930.01000000
2025-07-03 09:56:00,109970.00000000
2025-07-03 09:57:00,109956.09000000
2025-07-03 09:58:00,109950.59000000
2025-07-03 09:59:00,109942.20000000
2025-07-03 10:00:00,109952.28000000
2025-07-03 10:01:00,109851.39000000
2025-07-03 10:02:00,109856.00000000
2025-07-03 10:03:00,109894.68000000
2025-07-03 10:04:00,109850.99000000
2025-07-03 10:05:00,109897.11000000
2025-07-03 10:06:00,109906.35000000
2025-07-03 10:07:00,109906.36000000
2025-07-03 10:08:00,109900.00000000
2025-07-03 10:09:00,109834.01000000
2025-07-03 10:10:00,109901.38000000
2025-07-03 10:11:00,109921.23000000
2025-07-03 10:12:00,109959.57000000
2025-07-03 10:13:00,109994.04000000
2025-07-03 10:14:00,109959.57000000
2025-07-03 10:15:00,109904.54000000
2025-07-03 10:16:00,109869.16000000
2025-07-03 10:17:00,109877.54000000
2025-07-03 10:18:00,109830.66000000
2025-07-03 10:19:00,109683.30000000
2025-07-03 10:20:00,109699.78000000
2025-07-03 10:21:00,109757.60000000
2025-07-03 10:22:00,109691.22000000
2025-07-03 10:23:00,109724.46000000
2025-07-03 10:24:00,109734.65000000
2025-07-03 10:25:00,109735.17000000
2025-07-03 10:26:00,109766.51000000
2025-07-03 10:27:00,109760.53000000
2025-07-03 10:28:00,109761.50000000
2025-07-03 10:29:00,109750.51000000
2025-07-03 10:30:00,109706.60000000
2025-07-03 10:31:00,109757.05000000
2025-07-03 10:32:00,109743.89000000
2025-07-03 10:33:00,109736.95000000
2025-07-03 10:34:00,109736.95000000
2025-07-03 10:35:00,109711.53000000
2025-07-03 10:36:00,109753.85000000
2025-07-03 10:37:00,109754.40000000
2025-07-03 10:38:00,109769.96000000
2025-07-03 10:39:00,109747.03000000
2025-07-03 10:40:00,109796.15000000
2025-07-03 10:41:00,109812.41000000
2025-07-03 10:42:00,109800.00000000
2025-07-03 10:43:00,109771.88000000
2025-07-03 10:44:00,109784.26000000
2025-07-03 10:45:00,109784.26000000
2025-07-03 10:46:00,109747.02000000
2025-07-03 10:47:00,109691.88000000
2025-07-03 10:48:00,109686.32000000
2025-07-03 10:49:00,109690.61000000
2025-07-03 10:50:00,109690.61000000
2025-07-03 10:51:00,109716.17000000
2025-07-03 10:52:00,109762.47000000
2025-07-03 10:53:00,109835.27000000
2025-07-03 10:54:00,109858.00000000
2025-07-03 10:55:00,109871.04000000
2025-07-03 10:56:00,109826.51000000
2025-07-03 10:57:00,109834.43000000
2025-07-03 10:58:00,109839.37000000
2025-07-03 10:59:00,109839.37000000
2025-07-03 11:00:00,109800.00000000
2025-07-03 11:01:00,109797.43000000
2025-07-03 11:02:00,109785.51000000
2025-07-03 11:03:00,109797.44000000
2025-07-03 11:04:00,109832.00000000
2025-07-03 11:05:00,109782.58000000
2025-07-03 11:06:00,109763.27000000
2025-07-03 11:07:00,109716.00000000
2025-07-03 11:08:00,109660.15000000
2025-07-03 11:09:00,109650.10000000
2025-07-03 11:10:00,109685.00000000
2025-07-03 11:11:00,109692.95000000
2025-07-03 11:12:00,109689.00000000
2025-07-03 11:13:00,109647.99000000
2025-07-03 11:14:00,109657.40000000
2025-07-03 11:15:00,109667.99000000
2025-07-03 11:16:00,109663.29000000
2025-07-03 11:17:00,109634.72000000
2025-07-03 11:18:00,109678.56000000
2025-07-03 11:19:00,109713.01000000
2025-07-03 11:20:00,109710.81000000
2025-07-03 11:21:00,109733.92000000
2025-07-03 11:22:00,109733.91000000
2025-07-03 11:23:00,109720.00000000
2025-07-03 11:24:00,109673.45000000
2025-07-03 11:25:00,109660.00000000
2025-07-03 11:26:00,109660.00000000
2025-07-03 11:27:00,109648.91000000
2025-07-03 11:28:00,109648.08000000
2025-07-03 11:29:00,109634.73000000
2025-07-03 11:30:00,109621.98000000
2025-07-03 11:31:00,109626.39000000
2025-07-03 11:32:00,109630.01000000
2025-07-03 11:33:00,109593.29000000
2025-07-03 11:34:00,109622.96000000
2025-07-03 11:35:00,109648.08000000
2025-07-03 11:36:00,109683.69000000
2025-07-03 11:37:00,109679.51000000
2025-07-03 11:38:00,109660.24000000
2025-07-03 11:39:00,109659.00000000
2025-07-03 11:40:00,109663.28000000
2025-07-03 11:41:00,109699.00000000
2025-07-03 11:42:00,109711.54000000
2025-07-03 11:43:00,109680.01000000
2025-07-03 11:44:00,109658.32000000
2025-07-03 11:45:00,109658.32000000
2025-07-03 11:46:00,109643.40000000
2025-07-03 11:47:00,109620.01000000
2025-07-03 11:48:00,109620.01000000
2025-07-03 11:49:00,109643.23000000
2025-07-03 11:50:00,109672.93000000
2025-07-03 11:51:00,109678.23000000
2025-07-03 11:52:00,109678.24000000
2025-07-03 11:53:00,109664.28000000
2025-07-03 11:54:00,109652.66000000
2025-07-03 11:55:00,109626.93000000
2025-07-03 11:56:00,109599.63000000
2025-07-03 11:57:00,109584.62000000
2025-07-03 11:58:00,109599.19000000
2025-07-03 11:59:00,109599.19000000
2025-07-03 12:00:00,109567.99000000
2025-07-03 12:01:00,109596.21000000
2025-07-03 12:02:00,109572.41000000
2025-07-03 12:03:00,109552.76000000
2025-07-03 12:04:00,109548.45000000
2025-07-03 12:05:00,109520.00000000
2025-07-03 12:06:00,109578.45000000
2025-07-03 12:07:00,109626.01000000
2025-07-03 12:08:00,109542.31000000
2025-07-03 12:09:00,109623.54000000
2025-07-03 12:10:00,109593.86000000
2025-07-03 12:11:00,109603.27000000
2025-07-03 12:12:00,109544.09000000
2025-07-03 12:13:00,109565.47000000
2025-07-03 12:14:00,109570.43000000
2025-07-03 12:15:00,109554.17000000
2025-07-03 12:16:00,109590.86000000
2025-07-03 12:17:00,109615.63000000
2025-07-03 12:18:00,109600.40000000
2025-07-03 12:19:00,109608.72000000
2025-07-03 12:20:00,109578.03000000
2025-07-03 12:21:00,109601.95000000
2025-07-03 12:22:00,109576.85000000
2025-07-03 12:23:00,109558.66000000
2025-07-03 12:24:00,109562.38000000
2025-07-03 12:25:00,109587.71000000
2025-07-03 12:26:00,109593.29000000
2025-07-03 12:27:00,109559.69000000
2025-07-03 12:28:00,109570.01000000
2025-07-03 12:29:00,109608.96000000
2025-07-03 12:30:00,109472.57000000
2025-07-03 12:31:00,109594.01000000
2025-07-03 12:32:00,109600.76000000
2025-07-03 12:33:00,109350.99000000
2025-07-03 12:34:00,109297.00000000
2025-07-03 12:35:00,109349.07000000
2025-07-03 12:36:00,109277.39000000
2025-07-03 12:37:00,109164.03000000
2025-07-03 12:38:00,109035.92000000
2025-07-03 12:39:00,108934.00000000
2025-07-03 12:40:00,109050.29000000
2025-07-03 12:41:00,108872.21000000
2025-07-03 12:42:00,108914.99000000
2025-07-03 12:43:00,108892.88000000
2025-07-03 12:44:00,108941.86000000
2025-07-03 12:45:00,108860.00000000
2025-07-03 12:46:00,108899.60000000
2025-07-03 12:47:00,108840.63000000
2025-07-03 12:48:00,108807.67000000
2025-07-03 12:49:00,108766.00000000
2025-07-03 12:50:00,108920.00000000
2025-07-03 12:51:00,108961.80000000
2025-07-03 12:52:00,108985.65000000
2025-07-03 12:53:00,108978.00000000
2025-07-03 12:54:00,109012.75000000
2025-07-03 12:55:00,109109.82000000
2025-07-03 12:56:00,109112.00000000
2025-07-03 12:57:00,109115.99000000
2025-07-03 12:58:00,109157.44000000
2025-07-03 12:59:00,109167.99000000
2025-07-03 13:00:00,109206.44000000
2025-07-03 13:01:00,109296.00000000
2025-07-03 13:02:00,109220.30000000
2025-07-03 13:03:00,109171.61000000
2025-07-03 13:04:00,109246.38000000
2025-07-03 13:05:00,109246.16000000
2025-07-03 13:06:00,109279.79000000
2025-07-03 13:07:00,109297.99000000
2025-07-03 13:08:00,109332.22000000
2025-07-03 13:09:00,109282.00000000
2025-07-03 13:10:00,109326.24000000
2025-07-03 13:11:00,109374.09000000
2025-07-03 13:12:00,109351.73000000
2025-07-03 13:13:00,109348.00000000
2025-07-03 13:14:00,109339.84000000
2025-07-03 13:15:00,109321.72000000
2025-07-03 13:16:00,109376.01000000
2025-07-03 13:17:00,109287.48000000
2025-07-03 13:18:00,109283.96000000
2025-07-03 13:19:00,109267.61000000
2025-07-03 13:20:00,109289.74000000
2025-07-03 13:21:00,109296.48000000
2025-07-03 13:22:00,109309.95000000
2025-07-03 13:23:00,109311.49000000
2025-07-03 13:24:00,109285.46000000
2025-07-03 13:25:00,109299.99000000
2025-07-03 13:26:00,109274.75000000
2025-07-03 13:27:00,109276.00000000
2025-07-03 13:28:00,109288.46000000
2025-07-03 13:29:00,109315.37000000
2025-07-03 13:30:00,109499.99000000
2025-07-03 13:31:00,109635.96000000
2025-07-03 13:32:00,109782.33000000
2025-07-03 13:33:00,109814.68000000
2025-07-03 13:34:00,109811.72000000
2025-07-03 13:35:00,109818.98000000
2025-07-03 13:36:00,109867.19000000
2025-07-03 13:37:00,109974.89000000
2025-07-03 13:38:00,109945.73000000
2025-07-03 13:39:00,109893.70000000
2025-07-03 13:40:00,109813.83000000
2025-07-03 13:41:00,109894.81000000
2025-07-03 13:42:00,110092.97000000
2025-07-03 13:43:00,110008.67000000
2025-07-03 13:44:00,110076.98000000
2025-07-03 13:45:00,110185.88000000
2025-07-03 13:46:00,109979.99000000
2025-07-03 13:47:00,110141.14000000
2025-07-03 13:48:00,110103.30000000
2025-07-03 13:49:00,110309.57000000
2025-07-03 13:50:00,110240.33000000
2025-07-03 13:51:00,110375.42000000
2025-07-03 13:52:00,110292.01000000
2025-07-03 13:53:00,110407.67000000
2025-07-03 13:54:00,110328.08000000
2025-07-03 13:55:00,110351.25000000
2025-07-03 13:56:00,110371.59000000
2025-07-03 13:57:00,110490.00000000
2025-07-03 13:58:00,110289.19000000
2025-07-03 13:59:00,110255.63000000
2025-07-03 14:00:00,110312.45000000
2025-07-03 14:01:00,110299.99000000
2025-07-03 14:02:00,110473.08000000
2025-07-03 14:03:00,110425.44000000
2025-07-03 14:04:00,110287.08000000
2025-07-03 14:05:00,110295.40000000
2025-07-03 14:06:00,110274.90000000
2025-07-03 14:07:00,110275.02000000
2025-07-03 14:08:00,110145.12000000
2025-07-03 14:09:00,110124.06000000
2025-07-03 14:10:00,110092.30000000
2025-07-03 14:11:00,110138.97000000
2025-07-03 14:12:00,110181.40000000
2025-07-03 14:13:00,109965.61000000
2025-07-03 14:14:00,109949.32000000
2025-07-03 14:15:00,110045.16000000
2025-07-03 14:16:00,110051.17000000
2025-07-03 14:17:00,110085.99000000
2025-07-03 14:18:00,110160.00000000
2025-07-03 14:19:00,110242.91000000
2025-07-03 14:20:00,110243.57000000
2025-07-03 14:21:00,110194.61000000
2025-07-03 14:22:00,110313.70000000
2025-07-03 14:23:00,110310.01000000
2025-07-03 14:24:00,110234.55000000
2025-07-03 14:25:00,110149.46000000
2025-07-03 14:26:00,110020.00000000
2025-07-03 14:27:00,110003.52000000
2025-07-03 14:28:00,109949.58000000
2025-07-03 14:29:00,109905.99000000
2025-07-03 14:30:00,109772.46000000
2025-07-03 14:31:00,109856.60000000
2025-07-03 14:32:00,109778.65000000
2025-07-03 14:33:00,109670.67000000
2025-07-03 14:34:00,109827.19000000
2025-07-03 14:35:00,109858.41000000
2025-07-03 14:36:00,109929.72000000
2025-07-03 14:37:00,109909.85000000
2025-07-03 14:38:00,109871.66000000
2025-07-03 14:39:00,109843.39000000
2025-07-03 14:40:00,109882.46000000
2025-07-03 14:41:00,109884.00000000
2025-07-03 14:42:00,109804.67000000
2025-07-03 14:43:00,109875.18000000
2025-07-03 14:44:00,109860.66000000
2025-07-03 14:45:00,109780.00000000
2025-07-03 14:46:00,109756.50000000
2025-07-03 14:47:00,109783.19000000
2025-07-03 14:48:00,109855.85000000
2025-07-03 14:49:00,109755.81000000
2025-07-03 14:50:00,109748.08000000
2025-07-03 14:51:00,109678.93000000
2025-07-03 14:52:00,109604.51000000
2025-07-03 14:53:00,109637.94000000
2025-07-03 14:54:00,109570.00000000
2025-07-03 14:55:00,109640.31000000
2025-07-03 14:56:00,109657.99000000
2025-07-03 14:57:00,109660.02000000
2025-07-03 14:58:00,109731.99000000
2025-07-03 14:59:00,109718.57000000
2025-07-03 15:00:00,109751.67000000
2025-07-03 15:01:00,109736.72000000
2025-07-03 15:02:00,109833.30000000
2025-07-03 15:03:00,109600.00000000
2025-07-03 15:04:00,109480.02000000
2025-07-03 15:05:00,109496.56000000
2025-07-03 15:06:00,109436.55000000
2025-07-03 15:07:00,109401.40000000
2025-07-03 15:08:00,109373.08000000
2025-07-03 15:09:00,109428.33000000
2025-07-03 15:10:00,109408.00000000
2025-07-03 15:11:00,109500.42000000
2025-07-03 15:12:00,109487.16000000
2025-07-03 15:13:00,109457.70000000
2025-07-03 15:14:00,109468.78000000
2025-07-03 15:15:00,109414.68000000
2025-07-03 15:16:00,109455.75000000
2025-07-03 15:17:00,109478.16000000
2025-07-03 15:18:00,109496.82000000
2025-07-03 15:19:00,109464.19000000
2025-07-03 15:20:00,109355.36000000
2025-07-03 15:21:00,109348.79000000
2025-07-03 15:22:00,109436.40000000
2025-07-03 15:23:00,109483.87000000
2025-07-03 15:24:00,109537.02000000
2025-07-03 15:25:00,109615.48000000
2025-07-03 15:26:00,109572.74000000
2025-07-03 15:27:00,109567.09000000
2025-07-03 15:28:00,109560.01000000
2025-07-03 15:29:00,109554.14000000
2025-07-03 15:30:00,109606.49000000
2025-07-03 15:31:00,109570.72000000
2025-07-03 15:32:00,109509.99000000
2025-07-03 15:33:00,109487.46000000
2025-07-03 15:34:00,109300.00000000
2025-07-03 15:35:00,109237.38000000
2025-07-03 15:36:00,109257.01000000
2025-07-03 15:37:00,109309.25000000
2025-07-03 15:38:00,109432.55000000
2025-07-03 15:39:00,109362.03000000
2025-07-03 15:40:00,109385.81000000
2025-07-03 15:41:00,109418.10000000
2025-07-03 15:42:00,109369.81000000
2025-07-03 15:43:00,109321.60000000
2025-07-03 15:44:00,109294.36000000
2025-07-03 15:45:00,109290.74000000
2025-07-03 15:46:00,109220.00000000
2025-07-03 15:47:00,109181.34000000
2025-07-03 15:48:00,109224.41000000
2025-07-03 15:49:00,109288.46000000
2025-07-03 15:50:00,109266.01000000
2025-07-03 15:51:00,109181.79000000
2025-07-03 15:52:00,109181.78000000
2025-07-03 15:53:00,109221.83000000
2025-07-03 15:54:00,109254.99000000
2025-07-03 15:55:00,109152.83000000
2025-07-03 15:56:00,109114.65000000
2025-07-03 15:57:00,109117.99000000
2025-07-03 15:58:00,109127.54000000
2025-07-03 15:59:00,109127.84000000
2025-07-03 16:00:00,109200.00000000
2025-07-03 16:01:00,109222.95000000
2025-07-03 16:02:00,109139.02000000
2025-07-03 16:03:00,109156.97000000
2025-07-03 16:04:00,109089.18000000
2025-07-03 16:05:00,109120.00000000
2025-07-03 16:06:00,109104.01000000
2025-07-03 16:07:00,109030.00000000
2025-07-03 16:08:00,109037.60000000
2025-07-03 16:09:00,109103.99000000
2025-07-03 16:10:00,109197.64000000
2025-07-03 16:11:00,109268.56000000
2025-07-03 16:12:00,109325.98000000
2025-07-03 16:13:00,109351.83000000
2025-07-03 16:14:00,109330.21000000
2025-07-03 16:15:00,109203.84000000
2025-07-03 16:16:00,109231.55000000
2025-07-03 16:17:00,109172.01000000
2025-07-03 16:18:00,109122.57000000
2025-07-03 16:19:00,109154.00000000
2025-07-03 16:20:00,109122.39000000
2025-07-03 16:21:00,109112.01000000
2025-07-03 16:22:00,109101.58000000
2025-07-03 16:23:00,109136.33000000
2025-07-03 16:24:00,109159.60000000
2025-07-03 16:25:00,109116.65000000
2025-07-03 16:26:00,109224.36000000
2025-07-03 16:27:00,109104.00000000
2025-07-03 16:28:00,109198.78000000
2025-07-03 16:29:00,109173.78000000
2025-07-03 16:30:00,109150.01000000
2025-07-03 16:31:00,109173.18000000
2025-07-03 16:32:00,109248.72000000
2025-07-03 16:33:00,109259.63000000
2025-07-03 16:34:00,109250.00000000
2025-07-03 16:35:00,109208.31000000
2025-07-03 16:36:00,109240.41000000
2025-07-03 16:37:00,109262.88000000
2025-07-03 16:38:00,109296.27000000
2025-07-03 16:39:00,109319.50000000
2025-07-03 16:40:00,109348.19000000
2025-07-03 16:41:00,109385.32000000
2025-07-03 16:42:00,109378.00000000
2025-07-03 16:43:00,109370.18000000
2025-07-03 16:44:00,109369.83000000
2025-07-03 16:45:00,109527.54000000
2025-07-03 16:46:00,109542.01000000
2025-07-03 16:47:00,109632.01000000
2025-07-03 16:48:00,109614.84000000
2025-07-03 16:49:00,109669.23000000
2025-07-03 16:50:00,109562.89000000
2025-07-03 16:51:00,109441.65000000
2025-07-03 16:52:00,109300.00000000
2025-07-03 16:53:00,109236.01000000
2025-07-03 16:54:00,109294.85000000
2025-07-03 16:55:00,109363.59000000
2025-07-03 16:56:00,109363.01000000
2025-07-03 16:57:00,109457.70000000
2025-07-03 16:58:00,109415.38000000
2025-07-03 16:59:00,109288.46000000
2025-07-03 17:00:00,109302.69000000
2025-07-03 17:01:00,109373.08000000
2025-07-03 17:02:00,109427.57000000
2025-07-03 17:03:00,109427.54000000
2025-07-03 17:04:00,109419.08000000
2025-07-03 17:05:00,109421.55000000
2025-07-03 17:06:00,109438.26000000
2025-07-03 17:07:00,109422.08000000
2025-07-03 17:08:00,109410.86000000
2025-07-03 17:09:00,109450.24000000
2025-07-03 17:10:00,109436.64000000
2025-07-03 17:11:00,109450.24000000
2025-07-03 17:12:00,109410.86000000
2025-07-03 17:13:00,109450.25000000
2025-07-03 17:14:00,109559.49000000
2025-07-03 17:15:00,109569.65000000
2025-07-03 17:16:00,109637.47000000
2025-07-03 17:17:00,109617.37000000
2025-07-03 17:18:00,109572.00000000
2025-07-03 17:19:00,109617.38000000
2025-07-03 17:20:00,109569.99000000
2025-07-03 17:21:00,109509.09000000
2025-07-03 17:22:00,109499.98000000
2025-07-03 17:23:00,109467.85000000
2025-07-03 17:24:00,109419.15000000
2025-07-03 17:25:00,109457.69000000
2025-07-03 17:26:00,109440.00000000
2025-07-03 17:27:00,109440.60000000
2025-07-03 17:28:00,109451.99000000
2025-07-03 17:29:00,109455.99000000
2025-07-03 17:30:00,109462.88000000
2025-07-03 17:31:00,109462.89000000
2025-07-03 17:32:00,109462.88000000
2025-07-03 17:33:00,109509.99000000
2025-07-03 17:34:00,109535.99000000
2025-07-03 17:35:00,109533.22000000
2025-07-03 17:36:00,109492.84000000
2025-07-03 17:37:00,109530.94000000
2025-07-03 17:38:00,109526.00000000
2025-07-03 17:39:00,109539.99000000
2025-07-03 17:40:00,109539.99000000
2025-07-03 17:41:00,109540.00000000
2025-07-03 17:42:00,109546.30000000
2025-07-03 17:43:00,109546.30000000
2025-07-03 17:44:00,109546.29000000
2025-07-03 17:45:00,109574.56000000
2025-07-03 17:46:00,109591.15000000
2025-07-03 17:47:00,109570.28000000
2025-07-03 17:48:00,109591.76000000
2025-07-03 17:49:00,109626.92000000
2025-07-03 17:50:00,109564.68000000
2025-07-03 17:51:00,109580.66000000
2025-07-03 17:52:00,109580.66000000
2025-07-03 17:53:00,109581.93000000
2025-07-03 17:54:00,109574.27000000
2025-07-03 17:55:00,109574.26000000
2025-07-03 17:56:00,109574.27000000
2025-07-03 17:57:00,109542.30000000
2025-07-03 17:58:00,109546.29000000
2025-07-03 17:59:00,109556.00000000
2025-07-03 18:00:00,109567.29000000
2025-07-03 18:01:00,109575.13000000
2025-07-03 18:02:00,109599.99000000
2025-07-03 18:03:00,109693.83000000
2025-07-03 18:04:00,109629.99000000
2025-07-03 18:05:00,109645.86000000
2025-07-03 18:06:00,109645.84000000
2025-07-03 18:07:00,109645.84000000
2025-07-03 18:08:00,109645.83000000
2025-07-03 18:09:00,109657.89000000
2025-07-03 18:10:00,109577.79000000
2025-07-03 18:11:00,109565.38000000
2025-07-03 18:12:00,109420.00000000
2025-07-03 18:13:00,109448.35000000
2025-07-03 18:14:00,109457.70000000
2025-07-03 18:15:00,109466.22000000
2025-07-03 18:16:00,109384.23000000
2025-07-03 18:17:00,109394.86000000
2025-07-03 18:18:00,109347.49000000
2025-07-03 18:19:00,109428.32000000
2025-07-03 18:20:00,109416.46000000
2025-07-03 18:21:00,109413.87000000
2025-07-03 18:22:00,109428.31000000
2025-07-03 18:23:00,109466.05000000
2025-07-03 18:24:00,109449.23000000
2025-07-03 18:25:00,109488.45000000
2025-07-03 18:26:00,109519.92000000
2025-07-03 18:27:00,109542.31000000
2025-07-03 18:28:00,109592.00000000
2025-07-03 18:29:00,109620.28000000
2025-07-03 18:30:00,109620.29000000
2025-07-03 18:31:00,109568.30000000
2025-07-03 18:32:00,109573.24000000
2025-07-03 18:33:00,109532.92000000
2025-07-03 18:34:00,109525.13000000
2025-07-03 18:35:00,109550.00000000
2025-07-03 18:36:00,109485.11000000
2025-07-03 18:37:00,109586.67000000
2025-07-03 18:38:00,109562.00000000
2025-07-03 18:39:00,109629.00000000
2025-07-03 18:40:00,109625.55000000
2025-07-03 18:41:00,109621.71000000
2025-07-03 18:42:00,109599.20000000
2025-07-03 18:43:00,109599.19000000
2025-07-03 18:44:00,109599.19000000
2025-07-03 18:45:00,109588.17000000
2025-07-03 18:46:00,109583.05000000
2025-07-03 18:47:00,109583.05000000
2025-07-03 18:48:00,109544.84000000
2025-07-03 18:49:00,109533.88000000
2025-07-03 18:50:00,109593.02000000
2025-07-03 18:51:00,109616.76000000
2025-07-03 18:52:00,109626.81000000
2025-07-03 18:53:00,109647.76000000
2025-07-03 18:54:00,109647.77000000
2025-07-03 18:55:00,109631.51000000
2025-07-03 18:56:00,109645.99000000
2025-07-03 18:57:00,109646.00000000
2025-07-03 18:58:00,109649.13000000
2025-07-03 18:59:00,109678.75000000
2025-07-03 19:00:00,109664.00000000
2025-07-03 19:01:00,109661.27000000
2025-07-03 19:02:00,109689.42000000
2025-07-03 19:03:00,109707.92000000
2025-07-03 19:04:00,109812.19000000
2025-07-03 19:05:00,109819.99000000
2025-07-03 19:06:00,109803.76000000
2025-07-03 19:07:00,109825.94000000
2025-07-03 19:08:00,109800.22000000
2025-07-03 19:09:00,109645.43000000
2025-07-03 19:10:00,109638.01000000
